ISO3,Country,Residence Type,Service Type,Year,Coverage,Population,Service level
IND,India,urban,Drinking water,2001,92.62825,277994511.1,At least basic
IND,India,rural,Sanitation,2001,2.89715,22449475.31,Basic service
IND,India,urban,Sanitation,2001,27.42971,82321625.64,Basic service
IND,India,rural,Drinking water,2001,45.99984,356444297.4,Basic service
IND,India,rural,Sanitation,2001,1.18974,9219052.588,Limited service
IND,India,urban,Sanitation,2001,17.69475,53105225.13,Limited service
IND,India,rural,Drinking water,2001,4.59125,35576777.77,Limited service
IND,India,urban,Drinking water,2001,2.06896,6209344.171,Limited service
IND,India,rural,Sanitation,2001,88.74016,687631077.6,Open defecation
IND,India,urban,Sanitation,2001,25.4219,76295812.02,Open defecation
IND,India,rural,Sanitation,2001,2.30272,17843378.13,Safely managed service
IND,India,urban,Sanitation,2001,22.16483,66520745.73,Safely managed service
IND,India,rural,Drinking water,2001,30.52542,236535808.3,Safely managed service
IND,India,rural,Drinking water,2001,1.75003,13560681.15,Surface water
IND,India,urban,Drinking water,2001,0.27728,832173.9829,Surface water
IND,India,rural,Sanitation,2001,4.87024,37738552.37,Unimproved
IND,India,urban,Sanitation,2001,7.28882,21875087.49,Unimproved
IND,India,rural,Drinking water,2001,17.13345,132763971.3,Unimproved
IND,India,urban,Drinking water,2001,5.0255,15082459.75,Unimproved
IND,India,urban,Drinking water,2002,92.68442,286206219.4,At least basic
IND,India,rural,Sanitation,2002,4.48894,35216689.4,Basic service
IND,India,urban,Sanitation,2002,27.98535,86417771.27,Basic service
IND,India,rural,Drinking water,2002,45.32411,355577005.1,Basic service
IND,India,rural,Sanitation,2002,1.82343,14305189.67,Limited service
IND,India,urban,Sanitation,2002,17.88606,55231524.25,Limited service
IND,India,rural,Drinking water,2002,4.65637,36530197.75,Limited service
IND,India,urban,Drinking water,2002,2.13095,6580305.687,Limited service
IND,India,rural,Sanitation,2002,85.249,668795988.6,Open defecation
IND,India,urban,Sanitation,2002,24.1359,74530795.57,Open defecation
IND,India,rural,Sanitation,2002,3.69868,29016878.78,Safely managed service
IND,India,urban,Sanitation,2002,23.06526,71224718.24,Safely managed service
IND,India,rural,Drinking water,2002,31.85015,249870971.6,Safely managed service
IND,India,rural,Drinking water,2002,1.69682,13311870.81,Surface water
IND,India,urban,Drinking water,2002,0.27518,849738.4554,Surface water
IND,India,rural,Sanitation,2002,4.73995,37185893.57,Unimproved
IND,India,urban,Sanitation,2002,6.92743,21391670.68,Unimproved
IND,India,rural,Drinking water,2002,16.47256,129230594.8,Unimproved
IND,India,urban,Drinking water,2002,4.90945,15160222.75,Unimproved
IND,India,urban,Drinking water,2003,92.74043,294529102.4,At least basic
IND,India,rural,Sanitation,2003,5.33096,42324579.47,Basic service
IND,India,urban,Sanitation,2003,28.54502,90654509.55,Basic service
IND,India,rural,Drinking water,2003,44.62952,354330993.2,Basic service
IND,India,rural,Sanitation,2003,2.42774,19274770.93,Limited service
IND,India,urban,Sanitation,2003,18.06581,57374174.73,Limited service
IND,India,rural,Drinking water,2003,4.72192,37489156.67,Limited service
IND,India,urban,Drinking water,2003,2.19309,6964905.822,Limited service
IND,India,rural,Sanitation,2003,81.75784,649107136.5,Open defecation
IND,India,urban,Sanitation,2003,22.84989,72567690.56,Open defecation
IND,India,rural,Sanitation,2003,5.87379,46634272.71,Safely managed service
IND,India,urban,Sanitation,2003,23.97323,76135229.59,Safely managed service
IND,India,rural,Drinking water,2003,33.19331,263534513.9,Safely managed service
IND,India,rural,Drinking water,2003,1.6436,13049167.92,Surface water
IND,India,urban,Drinking water,2003,0.27307,867237.7845,Surface water
IND,India,rural,Sanitation,2003,4.60967,36597928.38,Unimproved
IND,India,urban,Sanitation,2003,6.56605,20852747.58,Unimproved
IND,India,rural,Drinking water,2003,15.81166,125534856.3,Unimproved
IND,India,urban,Drinking water,2003,4.79341,15223112.04,Unimproved
IND,India,urban,Drinking water,2004,92.7963,302975330.7,At least basic
IND,India,rural,Sanitation,2004,5.55344,44601280.23,Basic service
IND,India,urban,Sanitation,2004,29.10871,95038519.87,Basic service
IND,India,rural,Drinking water,2004,43.91606,352702363.1,Basic service
IND,India,rural,Sanitation,2004,3.00267,24115269.51,Limited service
IND,India,urban,Sanitation,2004,18.23399,59533084.3,Limited service
IND,India,rural,Drinking water,2004,4.7879,38452995.34,Limited service
IND,India,urban,Drinking water,2004,2.25537,7363680.747,Limited service
IND,India,rural,Sanitation,2004,78.26669,628582013.3,Open defecation
IND,India,urban,Sanitation,2004,21.56389,70405052.19,Open defecation
IND,India,rural,Sanitation,2004,8.69782,69854688.05,Safely managed service
IND,India,urban,Sanitation,2004,24.88873,81260484.64,Safely managed service
IND,India,rural,Drinking water,2004,34.5549,277520236.3,Safely managed service
IND,India,rural,Drinking water,2004,1.59038,12772810.39,Surface water
IND,India,urban,Drinking water,2004,0.27097,884700.1443,Surface water
IND,India,rural,Sanitation,2004,4.47938,35975196.85,Unimproved
IND,India,urban,Sanitation,2004,6.20467,20257930.98,Unimproved
IND,India,rural,Drinking water,2004,15.15076,121680042.8,Unimproved
IND,India,urban,Drinking water,2004,4.67736,15271351.24,Unimproved
IND,India,urban,Drinking water,2005,92.85202,311522004.4,At least basic
IND,India,rural,Sanitation,2005,6.19622,50319893.67,Basic service
IND,India,urban,Sanitation,2005,30.02453,100733422.7,Basic service
IND,India,rural,Drinking water,2005,43.18374,350697793.1,Basic service
IND,India,rural,Sanitation,2005,3.54821,28815221.58,Limited service
IND,India,urban,Sanitation,2005,18.39062,61701203.71,Limited service
IND,India,rural,Drinking water,2005,4.85431,39422166.76,Limited service
IND,India,urban,Drinking water,2005,2.3178,7776322.54,Limited service
IND,India,rural,Sanitation,2005,74.77553,607256636.4,Open defecation
IND,India,urban,Sanitation,2005,20.27789,68033092.6,Open defecation
IND,India,rural,Sanitation,2005,11.13094,90395064.85,Safely managed service
IND,India,urban,Sanitation,2005,25.46368,85431590.67,Safely managed service
IND,India,rural,Drinking water,2005,35.93492,291829713.7,Safely managed service
IND,India,rural,Drinking water,2005,1.53717,12483411.58,Surface water
IND,India,urban,Drinking water,2005,0.26886,902050.8496,Surface water
IND,India,rural,Sanitation,2005,4.3491,35319295.47,Unimproved
IND,India,urban,Sanitation,2005,5.84328,19604434.26,Unimproved
IND,India,rural,Drinking water,2005,14.48986,117673026.9,Unimproved
IND,India,urban,Drinking water,2005,4.56131,15303377.08,Unimproved
IND,India,urban,Drinking water,2006,92.90759,320180557.8,At least basic
IND,India,rural,Sanitation,2006,6.84502,56188252.67,Basic service
IND,India,urban,Sanitation,2006,30.94763,106652520.6,Basic service
IND,India,rural,Drinking water,2006,42.43256,348313440.8,Basic service
IND,India,rural,Sanitation,2006,4.06437,33362914.23,Limited service
IND,India,urban,Sanitation,2006,18.53568,63878140.35,Limited service
IND,India,rural,Drinking water,2006,4.92115,40395967.62,Limited service
IND,India,urban,Drinking water,2006,2.38039,8203346.423,Limited service
IND,India,rural,Sanitation,2006,71.28437,585147471.3,Open defecation
IND,India,urban,Sanitation,2006,18.99189,65450360.45,Open defecation
IND,India,rural,Sanitation,2006,13.58743,111534264.9,Safely managed service
IND,India,urban,Sanitation,2006,26.0429,89749735.24,Safely managed service
IND,India,rural,Drinking water,2006,37.33338,306456118.5,Safely managed service
IND,India,rural,Drinking water,2006,1.48395,12181190.44,Surface water
IND,India,urban,Drinking water,2006,0.26676,919316.4077,Surface water
IND,India,rural,Sanitation,2006,4.21881,34630713,Unimproved
IND,India,urban,Sanitation,2006,5.4819,18891867.35,Unimproved
IND,India,rural,Drinking water,2006,13.82896,113516898.6,Unimproved
IND,India,urban,Drinking water,2006,4.44527,15319393.36,Unimproved
IND,India,urban,Drinking water,2007,92.96301,328950200.5,At least basic
IND,India,rural,Sanitation,2007,7.49282,62142381.33,Basic service
IND,India,urban,Sanitation,2007,31.69769,112162474.6,Basic service
IND,India,rural,Drinking water,2007,41.66252,345531767.4,Basic service
IND,India,rural,Sanitation,2007,4.55114,37745301.94,Limited service
IND,India,urban,Sanitation,2007,18.66918,66061007.98,Limited service
IND,India,rural,Drinking water,2007,4.98843,41371968.98,Limited service
IND,India,urban,Drinking water,2007,2.44311,8644973.218,Limited service
IND,India,rural,Sanitation,2007,67.79322,562249027,Open defecation
IND,India,urban,Sanitation,2007,17.70589,62652411.27,Open defecation
IND,India,rural,Sanitation,2007,16.07429,133313549.5,Safely managed service
IND,India,urban,Sanitation,2007,26.80672,94855750.45,Safely managed service
IND,India,rural,Drinking water,2007,38.75026,321378738,Safely managed service
IND,India,rural,Drinking water,2007,1.43073,11865895.93,Surface water
IND,India,urban,Drinking water,2007,0.26466,936486.9782,Surface water
IND,India,rural,Sanitation,2007,4.08853,33908588.19,Unimproved
IND,India,urban,Sanitation,2007,5.12052,18118979.7,Unimproved
IND,India,rural,Drinking water,2007,13.16806,109210477.7,Unimproved
IND,India,urban,Drinking water,2007,4.32922,15318969.31,Unimproved
IND,India,urban,Drinking water,2008,93.01829,337800153.3,At least basic
IND,India,rural,Sanitation,2008,8.14649,68228077.22,Basic service
IND,India,urban,Sanitation,2008,32.44522,117826286.2,Basic service
IND,India,rural,Drinking water,2008,40.87361,342322686,Basic service
IND,India,rural,Sanitation,2008,5.00853,41947225.87,Limited service
IND,India,urban,Sanitation,2008,18.79112,68240807.34,Limited service
IND,India,rural,Drinking water,2008,5.05613,42345874.72,Limited service
IND,India,urban,Drinking water,2008,2.50599,9100617.674,Limited service
IND,India,rural,Sanitation,2008,64.30206,538539471.1,Open defecation
IND,India,urban,Sanitation,2008,16.41989,59629586.44,Open defecation
IND,India,rural,Sanitation,2008,18.58467,155649450.5,Safely managed service
IND,India,urban,Sanitation,2008,27.58464,100174871,Safely managed service
IND,India,rural,Drinking water,2008,40.18558,336560310,Safely managed service
IND,India,rural,Drinking water,2008,1.37751,11536890.62,Surface water
IND,India,urban,Drinking water,2008,0.26255,953468.5544,Surface water
IND,India,rural,Sanitation,2008,3.95825,33150911.26,Unimproved
IND,India,urban,Sanitation,2008,4.75913,17283009.04,Unimproved
IND,India,rural,Drinking water,2008,12.50716,104749374.8,Unimproved
IND,India,urban,Drinking water,2008,4.21317,15300326.92,Unimproved
IND,India,urban,Drinking water,2009,93.07341,346666732.9,At least basic
IND,India,rural,Sanitation,2009,8.80602,74433760.13,Basic service
IND,India,urban,Sanitation,2009,33.19009,123621791.3,Basic service
IND,India,rural,Drinking water,2009,40.06585,338660678.7,Basic service
IND,India,rural,Sanitation,2009,5.43654,45952920.5,Limited service
IND,India,urban,Sanitation,2009,18.9015,70401639.46,Limited service
IND,India,rural,Drinking water,2009,5.12427,43313402.58,Limited service
IND,India,urban,Drinking water,2009,2.56901,9568704.271,Limited service
IND,India,rural,Sanitation,2009,60.8109,514010402.1,Open defecation
IND,India,urban,Sanitation,2009,15.13389,56368587.8,Open defecation
IND,India,rural,Sanitation,2009,21.11858,178506961.8,Safely managed service
IND,India,urban,Sanitation,2009,28.37677,105693782.3,Safely managed service
IND,India,rural,Drinking water,2009,41.63933,351960689.3,Safely managed service
IND,India,rural,Drinking water,2009,1.3243,11193759.59,Surface water
IND,India,urban,Drinking water,2009,0.26045,970077.8976,Surface water
IND,India,rural,Sanitation,2009,3.82796,32356243.5,Unimproved
IND,India,urban,Sanitation,2009,4.39775,16380119.11,Unimproved
IND,India,rural,Drinking water,2009,11.84626,100131757.8,Unimproved
IND,India,urban,Drinking water,2009,4.09713,15260394.82,Unimproved
IND,India,urban,Drinking water,2010,93.1284,355529881.6,At least basic
IND,India,rural,Hygiene,2010,60.01136,511607601.9,Basic service
IND,India,urban,Hygiene,2010,82.28007,314114960.2,Basic service
IND,India,rural,Sanitation,2010,9.4714,80745414.82,Basic service
IND,India,urban,Sanitation,2010,33.93221,129540667.3,Basic service
IND,India,rural,Drinking water,2010,39.23922,334521366,Basic service
IND,India,rural,Sanitation,2010,5.83516,49745824.06,Limited service
IND,India,urban,Sanitation,2010,19.00032,72536201.41,Limited service
IND,India,rural,Drinking water,2010,5.19283,44269847.5,Limited service
IND,India,urban,Drinking water,2010,2.63219,10048720.69,Limited service
IND,India,rural,Sanitation,2010,57.31974,488661115.5,Open defecation
IND,India,urban,Sanitation,2010,13.84789,52866142.23,Open defecation
IND,India,rural,Sanitation,2010,23.67601,201842229.1,Safely managed service
IND,India,urban,Sanitation,2010,29.18322,111410766.2,Safely managed service
IND,India,rural,Drinking water,2010,43.1115,367533311.3,Safely managed service
IND,India,rural,Drinking water,2010,1.27108,10836188.73,Surface water
IND,India,urban,Drinking water,2010,0.25834,986258.8271,Surface water
IND,India,rural,Sanitation,2010,3.69768,31523368.61,Unimproved
IND,India,urban,Sanitation,2010,4.03637,15409358.86,Unimproved
IND,India,rural,Drinking water,2010,11.18536,95357238.48,Unimproved
IND,India,urban,Drinking water,2010,3.98108,15198288.51,Unimproved
IND,India,urban,Drinking water,2011,93.18322,364383722.8,At least basic
IND,India,rural,Hygiene,2011,60.01136,515646356.7,Basic service
IND,India,urban,Hygiene,2011,82.28007,321748022.7,Basic service
IND,India,rural,Sanitation,2011,10.14265,87150498.67,Basic service
IND,India,urban,Sanitation,2011,34.67145,135579258.1,Basic service
IND,India,rural,Drinking water,2011,38.39373,329897299.1,Basic service
IND,India,rural,Sanitation,2011,6.2044,53311215.41,Limited service
IND,India,urban,Sanitation,2011,19.08757,74640053.88,Limited service
IND,India,rural,Drinking water,2011,5.26183,45212185.74,Limited service
IND,India,urban,Drinking water,2011,2.69551,10540515.82,Limited service
IND,India,rural,Sanitation,2011,53.82859,462521033.3,Open defecation
IND,India,urban,Sanitation,2011,12.56189,49122023.6,Open defecation
IND,India,rural,Sanitation,2011,26.25697,225612430.6,Safely managed service
IND,India,urban,Sanitation,2011,30.00411,117328072.6,Safely managed service
IND,India,rural,Drinking water,2011,44.60211,383242732.4,Safely managed service
IND,India,rural,Drinking water,2011,1.21786,10464466.84,Surface water
IND,India,urban,Drinking water,2011,0.25624,1001996.489,Surface water
IND,India,rural,Sanitation,2011,3.56739,30652758.12,Unimproved
IND,India,urban,Sanitation,2011,3.67498,14370655.84,Unimproved
IND,India,rural,Drinking water,2011,10.52447,90431251.9,Unimproved
IND,India,urban,Drinking water,2011,3.86503,15113819.78,Unimproved
IND,India,urban,Drinking water,2012,93.23791,373340364.6,At least basic
IND,India,rural,Hygiene,2012,60.01136,519316286.5,Basic service
IND,India,urban,Hygiene,2012,82.28007,329463312.6,Basic service
IND,India,rural,Sanitation,2012,10.81975,93630153.79,Basic service
IND,India,urban,Sanitation,2012,35.4077,141778431.2,Basic service
IND,India,rural,Drinking water,2012,37.52937,324765436.5,Basic service
IND,India,rural,Hygiene,2012,36.70025,317590493,Limited service
IND,India,urban,Hygiene,2012,16.05205,64275138.9,Limited service
IND,India,rural,Sanitation,2012,6.54426,56631629.02,Limited service
IND,India,urban,Sanitation,2012,19.16327,76732965.03,Limited service
IND,India,rural,Drinking water,2012,5.33126,46134778.57,Limited service
IND,India,urban,Drinking water,2012,2.75898,11047409.27,Limited service
IND,India,rural,Hygiene,2012,3.28839,28456549.34,No handwashing facility
IND,India,urban,Hygiene,2012,1.66788,6678476.477,No handwashing facility
IND,India,rural,Sanitation,2012,50.33743,435601672.6,Open defecation
IND,India,urban,Sanitation,2012,11.27589,45150570.94,Open defecation
IND,India,rural,Sanitation,2012,28.86145,249756385.3,Safely managed service
IND,India,urban,Sanitation,2012,30.83954,123486747,Safely managed service
IND,India,rural,Drinking water,2012,46.11115,399029000.8,Safely managed service
IND,India,rural,Drinking water,2012,1.16465,10078424.14,Surface water
IND,India,urban,Drinking water,2012,0.25413,1017597.69,Surface water
IND,India,rural,Sanitation,2012,3.43711,29743487.23,Unimproved
IND,India,urban,Sanitation,2012,3.3136,13268213.75,Unimproved
IND,India,rural,Drinking water,2012,9.86357,85355687.91,Unimproved
IND,India,urban,Drinking water,2012,3.74898,15011566.43,Unimproved
IND,India,urban,Drinking water,2013,93.29244,382413094.9,At least basic
IND,India,rural,Hygiene,2013,60.01136,522659447.2,Basic service
IND,India,urban,Hygiene,2013,82.28007,337272493.9,Basic service
IND,India,rural,Sanitation,2013,11.50271,100181020.6,Basic service
IND,India,urban,Sanitation,2013,36.14085,148144215.3,Basic service
IND,India,rural,Drinking water,2013,36.64616,319163936.4,Basic service
IND,India,rural,Hygiene,2013,36.70025,319635019.8,Limited service
IND,India,urban,Hygiene,2013,16.05205,65798635.44,Limited service
IND,India,rural,Sanitation,2013,6.85473,59700211.72,Limited service
IND,India,urban,Sanitation,2013,19.2274,78814635.2,Limited service
IND,India,rural,Drinking water,2013,5.40112,47040210.07,Limited service
IND,India,urban,Drinking water,2013,2.82259,11570033.1,Limited service
IND,India,rural,Hygiene,2013,3.28839,28639741.79,No handwashing facility
IND,India,urban,Hygiene,2013,1.66788,6836774.63,No handwashing facility
IND,India,rural,Sanitation,2013,46.84627,408000232.7,Open defecation
IND,India,urban,Sanitation,2013,9.98989,40949344.91,Open defecation
IND,India,rural,Sanitation,2013,31.48946,274252467.6,Safely managed service
IND,India,urban,Sanitation,2013,31.68964,129898341,Safely managed service
IND,India,rural,Drinking water,2013,47.63862,414901059.7,Safely managed service
IND,India,rural,Drinking water,2013,1.11143,9679820.732,Surface water
IND,India,urban,Drinking water,2013,0.25203,1033091.858,Surface water
IND,India,rural,Sanitation,2013,3.30683,28800275.51,Unimproved
IND,India,urban,Sanitation,2013,2.95222,12101367.63,Unimproved
IND,India,rural,Drinking water,2013,9.20267,80149181.16,Unimproved
IND,India,urban,Drinking water,2013,3.63294,14891695.55,Unimproved
IND,India,urban,Drinking water,2014,93.34682,391652778,At least basic
IND,India,rural,Hygiene,2014,60.01136,525719546.4,Basic service
IND,India,urban,Hygiene,2014,82.28007,345220274.3,Basic service
IND,India,rural,Sanitation,2014,12.19152,106801789.7,Basic service
IND,India,urban,Sanitation,2014,36.87079,154697799.1,Basic service
IND,India,rural,Drinking water,2014,35.74408,313130107.1,Basic service
IND,India,rural,Hygiene,2014,36.70025,321506438.9,Limited service
IND,India,urban,Hygiene,2014,16.05205,67349171.33,Limited service
IND,India,rural,Sanitation,2014,7.13582,62512178.2,Limited service
IND,India,urban,Sanitation,2014,19.27997,80892468.14,Limited service
IND,India,rural,Drinking water,2014,5.47141,47931396.05,Limited service
IND,India,urban,Drinking water,2014,2.88636,12110215.59,Limited service
IND,India,rural,Hygiene,2014,3.28839,28807423.54,No handwashing facility
IND,India,urban,Hygiene,2014,1.66788,6997882.294,No handwashing facility
IND,India,rural,Sanitation,2014,43.35512,379805318.9,Open defecation
IND,India,urban,Sanitation,2014,8.70389,36518672.38,Open defecation
IND,India,rural,Sanitation,2014,34.141,299086556.5,Safely managed service
IND,India,urban,Sanitation,2014,32.55451,136588100.3,Safely managed service
IND,India,rural,Drinking water,2014,49.18452,430872859.4,Safely managed service
IND,India,rural,Drinking water,2014,1.05821,9270296.64,Surface water
IND,India,urban,Drinking water,2014,0.24993,1048607.58,Surface water
IND,India,rural,Sanitation,2014,3.17654,27827564.73,Unimproved
IND,India,urban,Sanitation,2014,2.59083,10870288.1,Unimproved
IND,India,rural,Drinking water,2014,8.54177,74828748.83,Unimproved
IND,India,urban,Drinking water,2014,3.51689,14755720.8,Unimproved
IND,India,urban,Drinking water,2015,93.40106,401090880.4,At least basic
IND,India,rural,Hygiene,2015,60.01136,528534261.6,Basic service
IND,India,urban,Hygiene,2015,82.28007,353334142,Basic service
IND,India,rural,Sanitation,2015,12.88619,113491689.1,Basic service
IND,India,urban,Sanitation,2015,37.59741,161454017,Basic service
IND,India,rural,Drinking water,2015,34.82314,306695691.1,Basic service
IND,India,rural,Hygiene,2015,36.70025,323227792.1,Limited service
IND,India,urban,Hygiene,2015,16.05205,68932109.26,Limited service
IND,India,rural,Sanitation,2015,7.38753,65063694.09,Limited service
IND,India,urban,Sanitation,2015,19.32098,82969833.93,Limited service
IND,India,rural,Drinking water,2015,5.54213,48810887.35,Limited service
IND,India,urban,Drinking water,2015,2.95027,12669307.49,Limited service
IND,India,rural,Hygiene,2015,3.28839,28961659.18,No handwashing facility
IND,India,urban,Hygiene,2015,1.66788,7162356.676,No handwashing facility
IND,India,rural,Sanitation,2015,39.86396,351091360.9,Open defecation
IND,India,urban,Sanitation,2015,7.41789,31854532.8,Open defecation
IND,India,rural,Sanitation,2015,36.81607,324247856.9,Safely managed service
IND,India,urban,Sanitation,2015,33.43427,143576330.5,Safely managed service
IND,India,rural,Drinking water,2015,50.74886,446957206.8,Safely managed service
IND,India,rural,Drinking water,2015,1.005,8851235.884,Surface water
IND,India,urban,Drinking water,2015,0.24782,1064217.023,Surface water
IND,India,rural,Sanitation,2015,3.04626,26829111.03,Unimproved
IND,India,urban,Sanitation,2015,2.22945,9573893.735,Unimproved
IND,India,rural,Drinking water,2015,7.88087,69408690.84,Unimproved
IND,India,urban,Drinking water,2015,3.40084,14604191.9,Unimproved
IND,India,urban,Drinking water,2016,93.45515,410736629.8,At least basic
IND,India,rural,Hygiene,2016,60.01136,531110083.5,Basic service
IND,India,urban,Hygiene,2016,82.28007,361621969.5,Basic service
IND,India,rural,Sanitation,2016,13.5867,120244479.4,Basic service
IND,India,urban,Sanitation,2016,38.32058,168419457,Basic service
IND,India,rural,Drinking water,2016,33.88334,299872996.5,Basic service
IND,India,rural,Hygiene,2016,36.70025,324803049,Limited service
IND,India,urban,Hygiene,2016,16.05205,70548985.08,Limited service
IND,India,rural,Sanitation,2016,7.60985,67348360.31,Limited service
IND,India,urban,Sanitation,2016,19.35043,85045412.19,Limited service
IND,India,rural,Drinking water,2016,5.61329,49678484.24,Limited service
IND,India,urban,Drinking water,2016,3.01433,13248028.06,Limited service
IND,India,rural,Hygiene,2016,3.28839,29102804.38,No handwashing facility
IND,India,urban,Hygiene,2016,1.66788,7330357.357,No handwashing facility
IND,India,rural,Sanitation,2016,36.3728,321905118.2,Open defecation
IND,India,urban,Sanitation,2016,6.13189,26949725.28,Open defecation
IND,India,rural,Sanitation,2016,39.51467,349711150.1,Safely managed service
IND,India,urban,Sanitation,2016,34.32903,150876542.7,Safely managed service
IND,India,rural,Drinking water,2016,52.33162,463143165.8,Safely managed service
IND,India,rural,Drinking water,2016,0.95178,8423394.215,Surface water
IND,India,urban,Drinking water,2016,0.24572,1079930.946,Surface water
IND,India,rural,Sanitation,2016,2.91597,25806827.99,Unimproved
IND,India,urban,Sanitation,2016,1.86807,8210174.86,Unimproved
IND,India,rural,Drinking water,2016,7.21997,63897895.24,Unimproved
IND,India,urban,Drinking water,2016,3.2848,14436720.4,Unimproved
IND,India,urban,Drinking water,2017,93.50909,420599597,At least basic
IND,India,rural,Hygiene,2017,60.01136,533429767.3,Basic service
IND,India,urban,Hygiene,2017,82.28007,370091945.3,Basic service
IND,India,rural,Sanitation,2017,14.29307,127048429.8,Basic service
IND,India,urban,Sanitation,2017,39.04021,175601045.7,Basic service
IND,India,rural,Drinking water,2017,32.92468,292661356.7,Basic service
IND,India,rural,Hygiene,2017,36.70025,326221663.4,Limited service
IND,India,urban,Hygiene,2017,16.05205,72201396.29,Limited service
IND,India,rural,Sanitation,2017,7.80278,69357495.93,Limited service
IND,India,urban,Sanitation,2017,19.36832,87117823.6,Limited service
IND,India,rural,Drinking water,2017,5.68487,50531758.9,Limited service
IND,India,urban,Drinking water,2017,3.07854,13847134.73,Limited service
IND,India,rural,Hygiene,2017,3.28839,29229914.2,No handwashing facility
IND,India,urban,Hygiene,2017,1.66788,7502050.326,No handwashing facility
IND,India,rural,Sanitation,2017,32.88165,292278835,Open defecation
IND,India,urban,Sanitation,2017,4.84589,21796575.32,Open defecation
IND,India,rural,Sanitation,2017,42.23681,375435112.3,Safely managed service
IND,India,urban,Sanitation,2017,35.2389,158502958.2,Safely managed service
IND,India,rural,Drinking water,2017,53.93281,479398709.5,Safely managed service
IND,India,rural,Drinking water,2017,0.89856,7987148.96,Surface water
IND,India,urban,Drinking water,2017,0.24361,1095760.255,Surface water
IND,India,rural,Sanitation,2017,2.78569,24761471,Unimproved
IND,India,urban,Sanitation,2017,1.50668,6776989.258,Unimproved
IND,India,rural,Drinking water,2017,6.55907,58302369.96,Unimproved
IND,India,urban,Drinking water,2017,3.16875,14252885.59,Unimproved
IND,India,urban,Drinking water,2018,93.56289,430673870.7,At least basic
IND,India,rural,Hygiene,2018,60.01136,535504220.7,Basic service
IND,India,urban,Hygiene,2018,82.28007,378738566.6,Basic service
IND,India,rural,Sanitation,2018,15.01317,133968221.8,Basic service
IND,India,urban,Sanitation,2018,39.99254,184087331.5,Basic service
IND,India,rural,Drinking water,2018,31.94716,285076666.1,Basic service
IND,India,rural,Hygiene,2018,36.70025,327490305.8,Limited service
IND,India,urban,Hygiene,2018,16.05205,73888269.34,Limited service
IND,India,rural,Sanitation,2018,7.96634,71086671.06,Limited service
IND,India,urban,Sanitation,2018,19.37465,89182320.81,Limited service
IND,India,rural,Drinking water,2018,5.75689,51370891.06,Limited service
IND,India,urban,Drinking water,2018,3.1429,14466889.46,Limited service
IND,India,rural,Hygiene,2018,3.28839,29343586.32,No handwashing facility
IND,India,urban,Hygiene,2018,1.66788,7677324.034,No handwashing facility
IND,India,rural,Sanitation,2018,29.39049,262262555.5,Open defecation
IND,India,urban,Sanitation,2018,3.55989,16386304.15,Open defecation
IND,India,rural,Sanitation,2018,44.9746,401325472.7,Safely managed service
IND,India,urban,Sanitation,2018,35.92762,165376343.3,Safely managed service
IND,India,rural,Drinking water,2018,55.55244,495715570.2,Safely managed service
IND,India,rural,Drinking water,2018,0.84534,7543335.185,Surface water
IND,India,urban,Drinking water,2018,0.24151,1111674.818,Surface water
IND,India,rural,Sanitation,2018,2.65541,23695190.94,Unimproved
IND,India,urban,Sanitation,2018,1.1453,5271860.29,Unimproved
IND,India,rural,Drinking water,2018,5.89817,52631649.52,Unimproved
IND,India,urban,Drinking water,2018,3.0527,14051712.61,Unimproved
IND,India,urban,Drinking water,2019,93.61654,440963436.6,At least basic
IND,India,rural,Hygiene,2019,60.01136,537333443.8,Basic service
IND,India,urban,Hygiene,2019,82.28007,387565071.8,Basic service
IND,India,rural,Sanitation,2019,15.73928,140927337.5,Basic service
IND,India,urban,Sanitation,2019,40.95174,192895639,Basic service
IND,India,rural,Drinking water,2019,31.03374,277871796.6,Basic service
IND,India,rural,Hygiene,2019,36.70025,328608976.4,Limited service
IND,India,urban,Hygiene,2019,16.05205,75610236.02,Limited service
IND,India,rural,Sanitation,2019,8.10051,72530833.46,Limited service
IND,India,urban,Sanitation,2019,19.36942,91236062.12,Limited service
IND,India,rural,Drinking water,2019,5.82933,52195042.6,Limited service
IND,India,urban,Drinking water,2019,3.2074,15107879.66,Limited service
IND,India,rural,Hygiene,2019,3.28839,29443820.76,No handwashing facility
IND,India,urban,Hygiene,2019,1.66788,7856244.13,No handwashing facility
IND,India,rural,Sanitation,2019,25.89933,231899078.6,Open defecation
IND,India,urban,Sanitation,2019,2.27389,10710718.6,Open defecation
IND,India,rural,Sanitation,2019,47.73576,427419405.5,Safely managed service
IND,India,urban,Sanitation,2019,36.62104,172496641.1,Safely managed service
IND,India,rural,Drinking water,2019,57.10753,511332959.5,Safely managed service
IND,India,rural,Drinking water,2019,0.79213,7092605.285,Surface water
IND,India,urban,Drinking water,2019,0.2394,1127670.501,Surface water
IND,India,rural,Sanitation,2019,2.52512,22609584.98,Unimproved
IND,India,urban,Sanitation,2019,0.78392,3692491.263,Unimproved
IND,India,rural,Drinking water,2019,5.23727,46893835.99,Unimproved
IND,India,urban,Drinking water,2019,2.93665,13832569.64,Unimproved
IND,India,urban,Drinking water,2020,93.67004,451471140.8,At least basic
IND,India,rural,Hygiene,2020,60.01136,538916399.4,Basic service
IND,India,urban,Hygiene,2020,82.28007,396573725.3,Basic service
IND,India,rural,Sanitation,2020,16.4714,147917140.5,Basic service
IND,India,urban,Sanitation,2020,41.91782,202035622.9,Basic service
IND,India,rural,Drinking water,2020,32.70788,293724605.6,Basic service
IND,India,rural,Hygiene,2020,36.70025,329577040.8,Limited service
IND,India,urban,Hygiene,2020,16.05205,77367738.1,Limited service
IND,India,rural,Sanitation,2020,8.20529,73685509.6,Limited service
IND,India,urban,Sanitation,2020,19.35262,93275825.11,Limited service
IND,India,rural,Drinking water,2020,5.90221,53003262.82,Limited service
IND,India,urban,Drinking water,2020,3.27206,15770666.11,Limited service
IND,India,rural,Hygiene,2020,3.28839,29530560.68,No handwashing facility
IND,India,urban,Hygiene,2020,1.66788,8038856.513,No handwashing facility
IND,India,rural,Sanitation,2020,22.40818,201230816,Open defecation
IND,India,urban,Sanitation,2020,0.98789,4761411.352,Open defecation
IND,India,rural,Sanitation,2020,50.52029,453684325.1,Safely managed service
IND,India,urban,Sanitation,2020,37.31915,179870937,Safely managed service
IND,India,rural,Drinking water,2020,56.07462,503563580.4,Safely managed service
IND,India,rural,Drinking water,2020,0.73891,6635598.891,Surface water
IND,India,urban,Drinking water,2020,0.2373,1143740.042,Surface water
IND,India,rural,Sanitation,2020,2.39484,21506208.94,Unimproved
IND,India,urban,Sanitation,2020,0.42253,2036523.602,Unimproved
IND,India,rural,Drinking water,2020,4.57638,41096952.39,Unimproved
IND,India,urban,Drinking water,2020,2.82061,13594773.17,Unimproved
